{"cameraMode":{"drawMode":0,"name":"Shaded","section":"Shading Mode"},"sceneLighting":false,"audioPlay":false,"sceneViewState":{"m_AlwaysRefresh":false,"showFog":true,"showSkybox":false,"showFlares":true,"showImageEffects":true,"showParticleSystems":true,"showVisualEffectGraphs":true,"m_FxEnabled":true},"in2DMode":false,"pivot":{"x":-0.15982189774513246,"y":0.6444884538650513,"z":-0.7443709373474121},"rotation":{"x":0.005687754135578871,"y":0.02578854374587536,"z":0.0001974578044610098,"w":-0.999717116355896},"size":0.7372717261314392,"orthographic":false}