{"cameraMode":{"drawMode":0,"name":"Shaded","section":"Shading Mode"},"sceneLighting":false,"audioPlay":false,"sceneViewState":{"m_AlwaysRefresh":false,"showFog":true,"showSkybox":false,"showFlares":true,"showImageEffects":true,"showParticleSystems":true,"showVisualEffectGraphs":true,"m_FxEnabled":true},"in2DMode":false,"pivot":{"x":0.0008817613124847412,"y":0.05770573019981384,"z":0.16398198902606965},"rotation":{"x":-0.025774693116545678,"y":-0.049174752086400989,"z":0.0013144066324457527,"w":-0.9985195398330689},"size":0.752608060836792,"orthographic":false}