{"cameraMode":{"drawMode":0,"name":"Shaded","section":"Shading Mode"},"sceneLighting":false,"audioPlay":false,"sceneViewState":{"m_AlwaysRefresh":false,"showFog":true,"showSkybox":false,"showFlares":true,"showImageEffects":true,"showParticleSystems":true,"showVisualEffectGraphs":true,"m_FxEnabled":true},"in2DMode":false,"pivot":{"x":-0.5319054126739502,"y":0.2508937120437622,"z":-1.428952932357788},"rotation":{"x":-0.0017482629045844079,"y":0.8659706711769104,"z":-0.002812318503856659,"w":-0.5002254843711853},"size":1.8739150762557984,"orthographic":false}